Segmento_A,Segmento_B,count
Campeões,Campeões,281
Campeões,Fieis,50
Campeões,Hibernando,141
Campeões,Novos,30
Campeões,Não Perder,89
Campeões,Perdidos,367
Campeões,Promissores,113
Fieis,Campeões,56
Fieis,Fieis,17
Fieis,Hibernando,61
Fieis,Novos,8
Fieis,Não Perder,23
Fieis,Perdidos,95
Fieis,Promissores,24
Hibernando,Campeões,185
Hibernando,Fieis,44
Hibernando,Hibernando,246
Hibernando,Novos,57
Hibernando,Não Perder,69
Hibernando,Perdidos,460
Hibernando,Promissores,170
Novos,Campeões,43
Novos,Fieis,11
Novos,Hibernando,87
Novos,Novos,32
Novos,Não Perder,18
Novos,Perdidos,154
Novos,Promissores,101
Não Perder,Campeões,97
Não Perder,Fieis,9
Não Perder,Hibernando,49
Não Perder,Novos,11
Não Perder,Não Perder,76
Não Perder,Perdidos,114
Não Perder,Promissores,39
Perdidos,Campeões,390
Perdidos,Fieis,96
Perdidos,Hibernando,355
Perdidos,Novos,117
Perdidos,Não Perder,152
Perdidos,Perdidos,867
Perdidos,Promissores,352
Promissores,Campeões,142
Promissores,Fieis,37
Promissores,Hibernando,215
Promissores,Novos,54
Promissores,Não Perder,54
Promissores,Perdidos,351
Promissores,Promissores,186
